"'h00,""NOP"""
"'h01,""Illegal"""
"'h02,""OUTL BUS,A"""
"'h03,""ADD A, #data"""
"'h04,""JMP Page+0x0"""
"'h05,""EN I"""
"'h06,""Unknown"""
"'h07,""DEC A"""
"'h08,""INS A, BUS"""
"'h09,""OUTL P1,A"""
"'h0A,""OUTL P2,A"""
"'h0B,""OUTL P3,A"""
"'h0C,""MOVD A,P4"""
"'h0D,""MOVD A,P5"""
"'h0E,""MOVD A,P6"""
"'h0F,""MOVD A,P7"""
"'h10,""INC @R0"""
"'h11,""INC @R1"""
"'h12,""JB0"""
"'h13,""ADDC A, #data"""
"'h14,""CALL Page+0x0"""
"'h15,""DIS I"""
"'h16,""JTF"""
"'h17,""INC A"""
"'h18,""INC R0"""
"'h19,""INC R1"""
"'h1A,""INC R2"""
"'h1B,""INC R3"""
"'h1C,""INC R4"""
"'h1D,""INC R5"""
"'h1E,""INC R6"""
"'h1F,""INC R7"""
"'h20,""XCH A,@R0"""
"'h21,""XCH A,@R1"""
"'h22,""Unknown"""
"'h23,""MOV A, #data"""
"'h24,""JMP Page+0x1"""
"'h25,""EN TCNTI"""
"'h26,""JNT0"""
"'h27,""RR A"""
"'h28,""XCH A,R0"""
"'h29,""XCH A,Rr"""
"'h2A,""XCH A,R2"""
"'h2B,""XCH A,R3"""
"'h2C,""XCH A,R4"""
"'h2D,""XCH A,R5"""
"'h2E,""XCH A,R6"""
"'h2F,""XCH A,R7"""
"'h30,""XCHD A, @01"""
"'h31,""XCHD A, @R1"""
"'h32,""JB1"""
"'h33,""Unknown"""
"'h34,""CALL Page+0x1"""
"'h35,""Illegal"""
"'h36,""JT0"""
"'h37,""XCH A, R7"""
"'h38,""OUTL BUS,A"""
"'h39,""OUTL P1,A"""
"'h3A,""OUTL P2,A"""
"'h3B,""OUTL P3,A"""
"'h3C,""MOVD P4, A"""
"'h3D,""MOVD P5, A"""
"'h3E,""MOVD P6, A"""
"'h3F,""MOVD P7, A"""
"'h40,""ORL A, @R0"""
"'h41,""ORL A, @R1"""
"'h42,""MOV A, T"""
"'h43,""ORL A, #data"""
"'h44,""JMP Page+0x2"""
"'h45,""STRT CNT"""
"'h46,""JNT1"""
"'h47,""SWAP A"""
"'h48,""ORL A, R0"""
"'h49,""ORL A, R1"""
"'h4a,""ORL A, R2"""
"'h4b,""ORL A, R3"""
"'h4c,""ORL A, R4"""
"'h4d,""ORL A, R5"""
"'h4e,""ORL A, R6"""
"'h4f,""ORL A, R7"""
"'h50,""ANL A, @R0"""
"'h51,""ANL A, @Ra"""
"'h52,""JB2"""
"'h53,""ANL A, #data"""
"'h54,""CALL Page+0x2"""
"'h55,""STRT T"""
"'h56,""JT1"""
"'h57,""DA A"""
"'h58,""ANL A, R0"""
"'h59,""ANL A, R1"""
"'h5a,""ANL A, R2"""
"'h5b,""ANL A, R3"""
"'h5c,""ANL A, R4"""
"'h5d,""ANL A, R5"""
"'h5e,""ANL A, R6"""
"'h5f,""ANL A, R7"""
"'h60,""ADD A,@R0"""
"'h61,""ADD A,@R1"""
"'h62,""MOV T, A"""
"'h63,""Unknown"""
"'h64,""JMP Page+0x3"""
"'h65,""STOP TCNT"""
"'h66,""Unknown"""
"'h67,""RRC A"""
"'h68,""ADD A, R0"""
"'h69,""ADD A, R1"""
"'h6a,""ADD A, R2"""
"'h6b,""ADD A, R3"""
"'h6c,""ADD A, R4"""
"'h6d,""ADD A, R5"""
"'h6e,""ADD A, R6"""
"'h6f,""ADD A, R7"""
"'h70,""ADDC A, @R0"""
"'h71,""ADDC A, @R1"""
"'h72,""JB3"""
'h73
"'h74,""CALL Page+0x3"""
"'h75,""ENT0 CLK"""
"'h76,""JF1 addr"""
"'h77,""RR A"""
"'h78,""ADDC A, R0"""
"'h79,""ADDC A, R1"""
"'h7a,""ADDC A, R2"""
"'h7b,""ADDC A, R3"""
"'h7c,""ADDC A, R4"""
"'h7d,""ADDC A, R5"""
"'h7e,""ADDC A, R6"""
"'h7f,""ADDC A, R7"""
"'h80,""MOVX A, @R0"""
"'h81,""MOVX A, @R1"""
"'h82,""Illegal"""
"'h83,""RET"""
"'h84,""JMP Page+0x4"""
"'h85,""CLR F1"""
"'h86,""JNI Address"""
"'h87.""Illegal"""
"'h88,""ORL BUS, #data"""
"'h89,""ORL P1, #data"""
"'h8A,""ORL P2, #data"""
"'h8B,""ORL P3, #data"""
"'h8C,""ORLD P0, A"""
"'h8D,""ORLD P1, A"""
"'h8E,""ORLD P2, A"""
"'h8F,""ORLD P4, A"""
"'h90,""MOVX @R0, A"""
"'h91,""MOVX @R1, A"""
"'h92,""JB4"""
"'h93,""RETR"""
"'h94,""CALL Page+0x4"""
"'h95,""CPL F0"""
"'h96,""JNZ"""
"'h97,""CLR C"""
"'h98,""ANL BUS, #data"""
"'h99,""ANL P1, #data"""
";h9A,""ANL P2, #data"""
"'h9B,,""ANL P3, #data"""
"'h9C,""ANLD P0, A"""
"'h9D,""ANLD P1, A"""
"'h9E,""ANLD P2, A"""
"'h9F,""ANLD P3, A"""
"'hA0,""MOV @R0, A"""
"'hA1,""MOV @R1, A"""
"'hA2,""Unknown"""
"'hA3,""MOVP A,@A"""
"'hA4,""JMP Page+0x5"""
"'hA5,:Unknown"""
"'hA6,""CLR F1"""
"'hA7,""CPL C"""
"'hA8,""MOV R0, A"""
"'hA9,""MOV R1, A"""
"'hAA,""MOV R2, A"""
"'hAB,""MOV R3, A"""
"'hAC,""MOV R4, A"""
"'hAD,""MOV R5, A"""
"'hAE,""MOV R6, A"""
"'hAF,""MOV R7, A"""
"'hB0,""MOV @R0, #data"""
"'hB1,""MOV @R1, #data"""
"'hB2,""JB5"""
"'hB3,""JMPP @A"""
"'hB4,""CALL Page+0x5"""
"'hB5,""CPL F1"""
"'hB6,""JF0"""
"'hB7,""Illegal"""
"'hB8,""MOV R0, #data"""
"'hB9,""MOV R1, #data"""
"'hBA,""MOV R2, #data"""
"'hBB,""MOV R3, #data"""
"'hBC,""MOV R4, #data"""
"'hBD,""MOV R5, #data"""
"'hBE,""MOV R6, #data"""
"'hBF,""MOV R7, #data"""
"'hC0,""Illegal"""
"'hC1,""Illegal"""
"'hC2,""Illegal"""
"'hC3,""Illegal"""
"'hC4,""JMP Page+0x6"""
"'hC5,""SEL RB0"""
"'hC6,""JZ"""
"'hC7,""MOV A,PSW"
"'hC8,""DEC R0"""
"'hC9,""DEC R1"""
"'hCA,""DEC R2"""
"'hCB,""DEC R3"""
"'hCC,""DEC R4"""
"'hCD,""DEC R5"""
"'hCE,""DEC R6"""
"'hCF,""DEC R7"""
"'hD0,""XRL A, @R0"""
"'hD1,""XRL A, @R1"""
"'hD2,""JB6"""
"'hD3,""XRL A, #data"""
"'hD4,""CALL Page+0x6"""
"'hD5,""SEL RB1"""
"'hD6,""Unknown"""
"'hD7,""MOV PSW, A"""
"'hD8,""XRL A,R0"""
"'hD9,""XRL A,R1"""
"'hDa,""XRL A,R2"""
"'hDb,""XRL A,R3"""
"'hDc,""XRL A,R4"""
"'hDd,""XRL A,R5"""
"'hDe,""XRL A,R6"""
"'hDf,""XRL A,R7"""
"'hE0,""Illegal"""
"'hE1,""Illegal"""
"'hE2,""Illegal"""
"'hE3,""MOVP3 A, @A"""
"'hE4,""JMP Page+0x7"""
"'hE5,""SEL MB0"""
"'hE6,""JNC"""
"'hE7,""RL A"""
"'hE8,""DJNZ R0, address"""
"'hE9,""DJNZ R1, address"""
"'hEA,""DJNZ R2, address"""
"'hEB,""DJNZ R3, address"""
"'hEC,""DJNZ R4, address"""
"'hED,""DJNZ R5, address"""
"'hEE,""DJNZ R6, address"""
"'hEF,""DJNZ R7, address"""
"'hF0,""MOV A, @R0"""
"'hF1,""MOV A, @R1"""
"'hF2,""JB7"""
"'hF3,""Unknown"""
"'hF4,""CALL Page+0x7"""
"'hF5,""SEL MB1"""
"'hF6,""JC"""
"'hF7,""RLC A"""
"'hF8,""MOV A, R0"""
"'hF9,""MOV A, R1"""
"'hFA,""MOV A, R2"""
"'hFB,""MOV A, R3"""
"'hFC,""MOV A, R4"""
"'hFD,""MOV A, R5"""
"'hFE,""MOV A, R6"""
"'hFF,""MOV A, R7"""